timestamp,file,score,notes,run_id,recommended_name,recommended_file,proxy
2026-03-05T09:22:11,,,auto-recommend from batch_blends,exp_20260305_091910,submission_V5_2_OOFTE_fixkeys_as_is,submissions_batch\submission_V5_2_OOFTE_fixkeys_as_is.csv,998.8048676530772
2026-03-05T09:25:02,,,auto-recommend from batch_blends,exp_20260305_092216,submission_V5_2_OOFTE_fixkeys_as_is,submissions_batch\submission_V5_2_OOFTE_fixkeys_as_is.csv,998.8048676530772
2026-03-05T10:12:46,,,auto-recommend from batch_blends,exp_20260305_101021,submission_V5_2_OOFTE_fixkeys_as_is,submissions_batch\submission_V5_2_OOFTE_fixkeys_as_is.csv,998.8048676530772
2026-03-05T13:46:48,,,auto-recommend from batch_blends,exp_20260305_134431,submission_V5_2_OOFTE_fixkeys_as_is,submissions_batch\submission_V5_2_OOFTE_fixkeys_as_is.csv,998.9730981023472
2026-03-05T13:51:03,,,auto-recommend from batch_blends,exp_20260305_134835,submission_V5_2_OOFTE_fixkeys_as_is,submissions_batch\submission_V5_2_OOFTE_fixkeys_as_is.csv,998.9730981023472
2026-03-05T14:06:40,,,auto-recommend from batch_blends,exp_20260305_140425,submission_V5_2_OOFTE_fixkeys_as_is,submissions_batch\submission_V5_2_OOFTE_fixkeys_as_is.csv,998.9730981023472
2026-03-05T16:13:23,,,auto-recommend from batch_blends,exp_20260305_161052,submission_V5_2_OOFTE_fixkeys_as_is,submissions_batch\submission_V5_2_OOFTE_fixkeys_as_is.csv,998.9730981023472
2026-03-05T16:22:00,,,auto-recommend from batch_blends,exp_20260305_161858,submission_V5_2_OOFTE_fixkeys_as_is,submissions_batch\submission_V5_2_OOFTE_fixkeys_as_is.csv,998.868257946868
2026-03-05T17:01:28,,,auto-recommend from batch_blends,exp_20260305_165849,submission_V5_2_OOFTE_fixkeys_as_is,submissions_batch\submission_V5_2_OOFTE_fixkeys_as_is.csv,998.5275074902302
2026-03-05T17:21:56,,,auto-recommend from batch_blends,exp_20260305_171950,submission_V5_2_OOFTE_fixkeys_as_is,submissions_batch\submission_V5_2_OOFTE_fixkeys_as_is.csv,997.247649713685
2026-03-05T17:29:42,,,auto-recommend from batch_blends,exp_20260305_172659,submission_V5_2_OOFTE_fixkeys_as_is,submissions_batch\submission_V5_2_OOFTE_fixkeys_as_is.csv,992.4694242249908
2026-03-05T17:37:02,,,auto-recommend from batch_blends,exp_20260305_173444,submission_V5_2_OOFTE_fixkeys_as_is,submissions_batch\submission_V5_2_OOFTE_fixkeys_as_is.csv,990.282360457184
2026-03-05T17:45:12,,,auto-recommend from batch_blends,exp_20260305_174253,submission_V5_2_OOFTE_fixkeys_as_is,submissions_batch\submission_V5_2_OOFTE_fixkeys_as_is.csv,995.7087093327966
2026-03-05T18:02:51,,,auto-recommend from batch_blends,exp_20260305_175929,submission_V5_2_OOFTE_fixkeys_as_is,submissions_batch\submission_V5_2_OOFTE_fixkeys_as_is.csv,995.7087093327966
2026-03-05T18:17:49,,,auto-recommend from batch_blends,exp_20260305_181530,submission_V5_2_OOFTE_fixkeys_as_is,submissions_batch\submission_V5_2_OOFTE_fixkeys_as_is.csv,995.7087093327966
2026-03-05T18:22:34,,,auto-recommend from batch_blends,exp_20260305_182008,submission_V5_2_OOFTE_fixkeys_as_is,submissions_batch\submission_V5_2_OOFTE_fixkeys_as_is.csv,995.7087093327966
2026-03-05T18:29:40,,,auto-recommend from batch_blends,exp_20260305_182719,submission_V5_2_OOFTE_fixkeys_as_is,submissions_batch\submission_V5_2_OOFTE_fixkeys_as_is.csv,995.7087093327966
2026-03-05T20:40:32,,,auto-recommend from batch_blends,exp_20260305_203821,submission_V5_2_OOFTE_fixkeys_as_is,submissions_batch\submission_V5_2_OOFTE_fixkeys_as_is.csv,995.7087093327966
2026-03-05T21:10:04,,,auto-recommend from batch_blends,exp_20260305_210800,submission_V5_2_OOFTE_fixkeys_as_is,submissions_batch\submission_V5_2_OOFTE_fixkeys_as_is.csv,993.4236631394153
